dfsd,sdfsdf,Nam,dfsdfsdfsdfs,sdfsdfsdfsdfs,sdfsdf,dsdfsdfs,fsdfsdfsd,dfsdfsdfsdfsdfsd
fdsfgdfg,dfgdfg,Nam,dfgdfg,dfgdfg,dfgdfg,dfgdfg,dfgdfg,dfgdfg
dfsfs,sdfsds,Nam,sdfsd,dfgdfg,dfgdfg,sdfgfsdg,dfgdfg,dfgdfg
sdfsdfs,sdfsdf,Nam,15/12/2024,sdfsdfsd,sdfsdf,fsdfsd,sdfsdf,sdfsd
sdfsdfs,sdfsdf,Nam,15/12/2024,sdfsdfsd,sdfsdf,fsdfsd,sdfsdf,sdfsd
dsfsdfs,sdfsd,Nam,15/12/2024,fsdfsdf,sdfsd,dsfsdfs,sdfsdf,sdfsd
sdasd,sdfsdf,Nam,01/02/2006,sdfas,sdfsd,asdasd,asdas,asdas
,,Nu,,,,,,
,,Nu,,,,,,
,,,,,,sdfdf,,
,,,15/12/2024,,,,,
,,,15/12/2024,,,,,
,,,15/01/2024,,,,,
,,,12/12/2014,,,,,
,,,01/02/2006,,,,,
,,,12/02/2024,,,,,
,,,01/02/2006,,,,,
